n,Length (int),Time (s),Readable Time
10,161113,0.000988,"0 minutes, 0 seconds"
15,153093,0.000000,"0 minutes, 0 seconds"
20,230908,0.005998,"0 minutes, 0 seconds"
25,365992,0.023009,"0 minutes, 0 seconds"
30,634988,0.258075,"0 minutes, 0 seconds"
35,508159,0.070560,"0 minutes, 0 seconds"
40,843940,5.987487,"0 minutes, 5 seconds"
45,951407,100.617446,"1 minutes, 40 seconds"
50,1128115,23.505382,"0 minutes, 23 seconds"
60,1349603,369.539969,"6 minutes, 9 seconds"
