n,Delta,Beta,Max number,Time (s),Readable Time
10,0.75,7,499,0.416479,"0 minutes, 0 seconds"
15,0.75,7,499,2.855990,"0 minutes, 2 seconds"
20,0.75,7,499,22.839025,"0 minutes, 22 seconds"
25,0.75,7,497,46.617124,"0 minutes, 46 seconds"
30,0.75,7,499,123.423789,"2 minutes, 3 seconds"
35,0.75,7,499,265.849681,"4 minutes, 25 seconds"
40,0.75,7,499,517.879121,"8 minutes, 37 seconds"
45,0.75,7,499,872.870118,"14 minutes, 32 seconds"
50,0.75,7,499,1274.092733,"21 minutes, 14 seconds"
